{
  "project_info": {
    "project_number": "203111937597",
    "firebase_url": "https://friendly-chat-2ad8a.firebaseio.com",
    "project_id": "friendly-chat-2ad8a",
    "storage_bucket": "friendly-chat-2ad8a.appspot.com"
  },
  "client": [
    {
      "client_info": {
        "mobilesdk_app_id": "1:203111937597:android:42f13195534b1ec624dc54",
        "android_client_info": {
          "package_name": "com.google.firebase.udacity.friendlychat"
        }
      },
      "oauth_client": [
        {
          "client_id": "203111937597-ef5qu7tfavm996r0gpr347ap1gug32s4.apps.googleusercontent.com",
          "client_type": 1,
          "android_info": {
            "package_name": "com.google.firebase.udacity.friendlychat",
            "certificate_hash": "0249f8c9271729499d5036f9e15f1a29149bcf7b"
          }
        },
        {
          "client_id": "203111937597-4u16ngc9jrahrtrh40719d4sfs0mgg8o.apps.googleusercontent.com",
          "client_type": 3
        }
      ],
      "api_key": [
        {
          "current_key": "AIzaSyD6suaQKaF1gYE3offhEPUuxjZz1gZFp3M"
        }
      ],
      "services": {
        "appinvite_service": {
          "other_platform_oauth_client": [
            {
              "client_id": "203111937597-4u16ngc9jrahrtrh40719d4sfs0mgg8o.apps.googleusercontent.com",
              "client_type": 3
            }
          ]
        }
      }
    }
  ],
  "configuration_version": "1"
}